{"cameraMode":{"drawMode":0,"name":"Shaded","section":"Shading Mode"},"sceneLighting":false,"audioPlay":false,"sceneViewState":{"m_AlwaysRefresh":false,"showFog":true,"showSkybox":false,"showFlares":true,"showImageEffects":true,"showParticleSystems":true,"showVisualEffectGraphs":true,"m_FxEnabled":true},"in2DMode":false,"pivot":{"x":5.3301849365234379,"y":0.37697672843933108,"z":1.8959300518035889},"rotation":{"x":-0.024213561788201333,"y":0.940300703048706,"z":-0.33257368206977847,"w":-0.068520188331604},"size":0.7766430974006653,"orthographic":false}