{"cameraMode":{"drawMode":0,"name":"Shaded","section":"Shading Mode"},"sceneLighting":false,"audioPlay":false,"sceneViewState":{"m_AlwaysRefresh":false,"showFog":true,"showSkybox":false,"showFlares":true,"showImageEffects":true,"showParticleSystems":true,"showVisualEffectGraphs":true,"m_FxEnabled":true},"in2DMode":false,"pivot":{"x":0.0017799139022827149,"y":-0.3131796717643738,"z":0.49922114610671999},"rotation":{"x":0.1620502471923828,"y":-0.19156116247177125,"z":0.03209558129310608,"w":0.9674961566925049},"size":0.9371383786201477,"orthographic":false}