{"cameraMode":{"drawMode":0,"name":"Shaded","section":"Shading Mode"},"sceneLighting":false,"audioPlay":false,"sceneViewState":{"m_AlwaysRefresh":false,"showFog":true,"showSkybox":false,"showFlares":true,"showImageEffects":true,"showParticleSystems":true,"showVisualEffectGraphs":true,"m_FxEnabled":true},"in2DMode":false,"pivot":{"x":-4.317593097686768,"y":0.5269826054573059,"z":-2.532794237136841},"rotation":{"x":-0.00042307941475883126,"y":0.9988290667533875,"z":0.04767004773020744,"w":0.008975998498499394},"size":1.2361998558044434,"orthographic":false}