{"cameraMode":{"drawMode":0,"name":"Shaded","section":"Shading Mode"},"sceneLighting":false,"audioPlay":false,"sceneViewState":{"m_AlwaysRefresh":false,"showFog":true,"showSkybox":false,"showFlares":true,"showImageEffects":true,"showParticleSystems":true,"showVisualEffectGraphs":true,"m_FxEnabled":true},"in2DMode":false,"pivot":{"x":0.030690722167491914,"y":0.2055203914642334,"z":-1.5267291069030762},"rotation":{"x":0.31896376609802248,"y":-0.04165316000580788,"z":0.014042746275663376,"w":0.9467657804489136},"size":0.6879351139068604,"orthographic":false}