{"cameraMode":{"drawMode":0,"name":"Shaded","section":"Shading Mode"},"sceneLighting":false,"audioPlay":false,"sceneViewState":{"m_AlwaysRefresh":false,"showFog":true,"showSkybox":false,"showFlares":true,"showImageEffects":true,"showParticleSystems":true,"showVisualEffectGraphs":true,"m_FxEnabled":true},"in2DMode":false,"pivot":{"x":-0.05877041816711426,"y":0.8564440608024597,"z":0.2355867624282837},"rotation":{"x":-0.003388870507478714,"y":0.9108414649963379,"z":-0.41273173689842226,"w":-0.0075051449239254},"size":3.253682851791382,"orthographic":false}