{"cameraMode":{"drawMode":0,"name":"Shaded","section":"Shading Mode"},"sceneLighting":false,"audioPlay":false,"sceneViewState":{"m_AlwaysRefresh":false,"showFog":true,"showSkybox":false,"showFlares":true,"showImageEffects":true,"showParticleSystems":true,"showVisualEffectGraphs":true,"m_FxEnabled":true},"in2DMode":false,"pivot":{"x":-0.10509125143289566,"y":0.4322422742843628,"z":0.9054186344146729},"rotation":{"x":-0.002188245765864849,"y":0.9635068774223328,"z":-0.26765021681785586,"w":-0.007939169183373452},"size":0.8949818015098572,"orthographic":false}